text,label
ironmousePARTY,1
Big crits from mousey,6
monkaW,9
Hello im here yall,6
@artfulgamer6 gotta watch the streams to get it,6
@artfulgamer6 Announcers are twitch drops only,6
monkaW,9
LUL,1
get them mousey,1
@artfulgamer6 Announcer packs are Twitch drops,6
!advancedgg,1
ironmouseDORIME ironmouseDORIME,3
!smite,1
@artfulgamer6 Not out yet!,6
Mousey hittin crits 1 the Merc one punch builds.,1
@artfulgamer6 not 100% sure but they might only be available via twitch drops atm,6
GOOD IDEA,1
EZ PZ,1
Im playing smite rn and im so scared to miss a prize,6
do you have to enter giveaways or is it just for all viewers?,4
so close to finishing froot set,3
OMG bolitas tristes LUL ironmouseHeadpat,1
Yeah time for some Ironmouse,1
"i hear mouse, and see nyan",9
Dancingforsubs Dancingforsubs,9
This is close af,6
Love the announcer pack definitely tied for first next to Chaac announcer pack ironmousePARTY,1
Don't attack Vamana when he's ulting lol,6
wait she got her own character???,4
vamana is super hard for new players to deal with,6
@d3m0n1c9k yeah but they had the lead for a good bit.. ironmouseRIP ironmouseSHRUG,7
the lead is becoming closer and closer,6
@MrBlackOpsDuece for everyone in chat,0
very close game,6
they can still win this ironmouseDORIME ironmouseDORIME ironmouseDORIME,3
Last minute comeback we got this lordae3Letsfkngo,2
arielleWiggly,1
WAYTOODANK TOO MANY EFFECTS,9
is dat Bubi pet? Pog,5
ironmouseF,7
I haven't swapped off my Punk Duck announcer pack since I got it...but now is an exception,0
danm you missed all,2
Big plays from froot!!,5
"Press 4 mouse, gettem",9
close game,6
you got this,1
Itâ€™s actually pretty close even with their lead a comeback from the enemy is possible,6
yâ€™al got this,1
ironmouseRAID ironmouseRAID ironmouseRAID ironmouseRAID,3
YOU GOT THIS MOUSE!!! ironmousePARTY ironmousePARTY ironmousePARTY ironmousePARTY,1
anyone*,0
Yea Vamana is the best warrior in the game,6
@theonezeroeagle ironmouseRIP,7
Froot W keying with the Loki letâ€™s go.,6
No,7
esta muy chida la colaboracion que bueno,1
ironmouseRAID ironmouseRAID ironmouseRAID ironmouseRAID ironmouseRAID,3
ironmouseDORIME ironmouseDORIME,3
Probably best god,6
uh oh,2
lets goooo,1
Cmon ironmouseDORIME ironmouseRAID,3
gotta wait for the team guys KEKW,8
what,4
"No, but you can hide behind teammates :)",8
!time,3
"May 17th 2023, 9:32:57 pm EDT GMT-04:00",0
"been sometime since the last giveaway, hasnt it?",9
Nieth will hit yea anywhere,6
you can do it ironmouseRAID,3
they came back KEKW,8
ironmouseMeltdown,7
,0
!drops,3
Get protected and get your own exclusive NordVPN deal here âž¼ https://nordvpn.com/ironmouse  | Itâ€™s risk-free with Nordâ€™s 30-day money-back guarantee!,0
I am believing so hard COME ON,1
NICEEEEEEEEE,1
ironmousePARTY ironmousePARTY ironmousePARTY ironmousePARTY ironmousePARTY,1
Pog,1
Biiigggg,1
LETSGO,1
EZ,1
ironmousePARTY ironmousePARTY ironmousePARTY ironmousePARTY ironmousePARTY,1
1 MORE KILL,3
YES ironmouseKEK,1
henyatCheer henyatCheer henyatCheer,1
Minions,9
LETSGO,1
LETSGO,1
COME ONE LETSGO,1
nice ult mouse,1
1 more,3
LETSGO,1
ONE MORE KILL,3
CMON BRO,1
MINIONS,9
ironmousePARTY ironmousePARTY ironmousePARTY ironmousePARTY ironmousePARTY,1
YEEEES,1
NICE,1
LETSGO,1
ironmousePARTY ironmousePARTY ironmousePARTY ironmousePARTY ironmousePARTY ironmousePARTY ironmousePARTY,1
lets goooo,1
"I wonder what it would be 1 far in the future, people are gonna wonder and wish that they could be in mouseys chat.",1
LETSGO,1
LETSGO,1
LETSGO,1
LETS  GOOO,1
WOOOO EZ WIN,1
Wooo,1
LESGOOOO ironmouseLetsgo ironmouseLetsgo ironmouseLetsgo,1
EZ LOKI WIN,1
LETS GOOOO,1
ironmouseLetsgo ironmouseLetsgo ironmouseLetsgo ironmouseLetsgo ironmouseLetsgo,1
WE HAVE THIS,1
YESSSS,1
gg,1
LETSGO,1
VICTORY ROYALE,1
GG,1
you won!,1
ironmousePARTY ironmousePARTY ironmousePARTY ironmousePARTY ironmousePARTY ironmousePARTY,1
one more,3
YAAAAAAAAAAAAAAAY,1
NIIIICE,1
ironmouseRIP ironmouseRIP ironmouseRIP LETS GOOOOO,7
Yesssssp,1
EZ,1
ironmouseLetsgo,1
LETS GOOOOO,1
w,1
nice,1
YAAAAAAAY,1
Wow ironmousePARTY ironmousePARTY,1
ironmouseLetsgo ironmouseLetsgo ironmouseLetsgo ironmouseLetsgo ironmouseLetsgo,1
lets goooo,1
ironmouseLetsgo ironmouseLetsgo ironmouseLetsgo ironmouseLetsgo ironmouseLetsgo ironmouseLetsgo,1
LETSGO,1
YOU WON,1
LETSGO,1
ironmousePARTY ironmousePARTY ironmousePARTY,1
EZ,1
Loki clutch!,9
WOOOOOOO,1
GG,1
LETSGO,1
meiyaPog,1
always 1 when an ullr dies,9
GG ^^,1
YOU DID IT! ironmouseLetsgo ironmouseLetsgo ironmouseLetsgo ironmouseLetsgo ironmouseLetsgo ironmouseLetsgo,1
Gg,1
ironmouseLetsgo ironmouseLetsgo ironmouseLetsgo ironmouseLetsgo ironmouseLetsgo ironmouseLetsgo ironmouseLetsgo ironmouseLetsgo ironmouseLetsgo,1
ironmouseLetsgo ironmouseLetsgo ironmouseLetsgo ironmouseLetsgo ironmouseLetsgo ironmouseLetsgo,1
Mousy play Ymir he is beginner friendly,1
GG WP,1
LFG,1
YAY,1
LETSGO,1
Big Win!!!,1
LETSGO ó €€,1
Yay,1
GG,1
LETS GOOOOOOO,1
AYYEEE U WIN!,1
Clap,1
ironmouseLetsgo ironmouseLetsgo ironmouseLetsgo ironmouseLetsgo ironmouseLetsgo ironmouseLetsgo,1
LETS GOOOOOOOOOOOO,1
ironmouseLetsgo ironmouseLetsgo ironmouseLetsgo ironmouseLetsgo ironmouseLetsgo ironmouseLetsgo ironmouseLetsgo,1
ironmouseLetsgo ironmouseLetsgo ironmouseLetsgo,1
LETSGO LETSGO LETSGO LETSGO,1
ironmouseLetsgo ironmouseLetsgo ironmouseLetsgo ironmouseLetsgo ironmouseLetsgo ironmouseLetsgo ironmouseLetsgo ironmouseLetsgo ironmouseLetsgo ironmouseLetsgo ironmouseLetsgo ironmouseLetsgo ironmouseLetsgo ironmouseLetsgo ironmouseLetsgo,1
ironmousePARTY ironmousePARTY ironmousePARTY ironmousePARTY ironmousePARTY,1
ironmouseLetsgo ironmouseLetsgo ironmouseLetsgo ironmouseLetsgo ironmouseLetsgo ironmouseLetsgo ironmouseLetsgo ironmouseLetsgo,1
LETSGO!!!!!,1
LETSGO LETSGO LETSGO LETSGO,1
Lets Gooo,1
LETSGO,1
ironmouseLetsgo ironmouseLetsgo ironmouseLetsgo ironmouseLetsgo ironmouseLetsgo ironmouseLetsgo,1
ironmouseLetsgo ironmouseLetsgo ironmouseLetsgo ironmouseLetsgo ironmouseLetsgo ironmouseLetsgo,1
ironmousePARTY ironmousePARTY ironmousePARTY ironmousePARTY,1
GGGG,1
EZ,1
GG!!!!,1
ironmouseLetsgo ironmouseLetsgo ironmouseLetsgo ironmouseLetsgo ironmouseLetsgo ironmouseLetsgo,1
Clap,1
Pog~!~!,1
ironmousePARTY ironmousePARTY ironmousePARTY ironmousePARTY,1
LETSGO,1
WELL DONE,1
Lets GOOOOOOOOOOOOOOOOOOOO,1
gg,1
GG,1
GG,1
Yay!!!!!!!,1
WOOOOOOOOOOOOOOOOO,1
ironmousePARTY ironmousePARTY ironmousePARTY ironmousePARTY ironmousePARTY ironmousePARTY,1
GG EZ,1
ironmousePARTY ironmousePARTY ironmousePARTY,1
GG lawlmanWarShake,1
Poggers,1
ironmouseCheer ironmouseCheer ironmouseCheer ironmouseCheer ironmouseCheer ironmouseCheer ironmouseCheer ironmouseCheer ironmouseCheer,1
W!!!,1
GG,1
YOOOOOOOOOOOOOOOO LETSGO,1
ironmousePARTY ironmousePARTY ironmousePARTY,1
GG,1
Lets goooo,1
LETSGO,1
Gg,1
LETS GOOOOOOOOOOO,1
LETSGO LETSGO,1
Gg,1
ironmouseLetsgo ironmouseLetsgo ironmouseLetsgo ironmouseLetsgo ironmouseLetsgo,1
GG,1
LETSGO LESSSFCKINGGGGOOO LETSGO ironmousePARTY ironmousePARTY ironmousePARTY ironmousePARTY ironmousePARTY ironmousePARTY,1
LETSGO,1
ironmouseCheer ironmouseCheer ironmouseCheer ironmouseCheer ironmouseCheer ironmouseCheer ironmouseCheer ironmouseCheer ironmouseCheer,1
ironmouseLetsgo ironmouseLetsgo ironmouseLetsgo ironmouseLetsgo ironmouseLetsgo ironmouseLetsgo,1
WAHOOOOO,1
lordae3Letsfkngo lordae3Letsfkngo lordae3Letsfkngo lordae3Letsfkngo lordae3Letsfkngo lordae3Letsfkngo lordae3Letsfkngo lordae3Letsfkngo lordae3Letsfkngo lordae3Letsfkngo lordae3Letsfkngo lordae3Letsfkngo lordae3Letsfkngo lordae3Gasp lordae3Gasp lordae3Letsfkngo lordae3Letsfkngo lordae3Letsfkngo lordae3Letsfkngo lordae3Gasp lordae3Gasp lordae3Gasp lordae3Letsfkngo lordae3Letsfkngo lordae3Letsfkngo,1
FIRST GAME!!!!,1
ironmouseHeadpat ironmouseHeadpat ironmouseHeadpat,1
ironmousePARTY ironmousePARTY ironmousePARTY ironmousePARTY,1
LETS GO,1
ironmouseLetsgo ironmouseLetsgo ironmouseLetsgo ironmouseLetsgo ironmouseLetsgo ironmouseLetsgo ironmouseLetsgo ironmouseLetsgo ironmouseLetsgo ironmouseLetsgo ironmouseLetsgo ironmouseLetsgo,1
YESSSSIIIRRRR ironmouseCheer ironmouseCheer ironmouseCheer ironmouseCheer ironmouseCheer ironmouseCheer ironmouseCheer ironmouseCheer ironmouseCheer ironmouseCheer ironmouseCheer ironmouseCheer,1
ironmousePARTY ironmousePARTY ironmousePARTY ironmousePARTY ironmousePARTY,1
WINNER POV,1
ironmouseLetsgo ironmouseLetsgo ironmouseLetsgo ironmouseLetsgo,1
ironmouseCheer ironmouseCheer ironmouseCheer ironmouseCheer ironmousePARTY ironmousePARTY ironmousePARTY ironmousePARTY ironmousePARTY ironmousePARTY,1
ironmouseLetsgo ironmouseLetsgo ironmouseLetsgo ironmouseLetsgo ironmouseLetsgo ironmouseLetsgo,1
ironmousePARTY ironmousePARTY ironmousePARTY ironmousePARTY ironmousePARTY,1
gg,1
!smite,6
ironmouseLetsgo ironmouseLetsgo ironmouseLetsgo ironmouseLetsgo ironmouseLetsgo ironmouseLetsgo ironmouseLetsgo ironmouseLetsgo ironmouseLetsgo ironmouseLetsgo ironmouseLetsgo ironmouseLetsgo,1
ironmouseLetsgo ironmouseLetsgo ironmouseLetsgo ironmouseLetsgo ironmouseLetsgo ironmouseLetsgo ironmouseLetsgo ironmousePLASMA,1
GGs,1
LETSGO,1
EZ Clap,1
GG,1
GG ironmouseBRAVE ironmousePARTY,1
ironmouseLetsgo ironmouseLetsgo ironmouseLetsgo ironmouseLetsgo ironmouseLetsgo ironmouseLetsgo ironmouseLetsgo ironmouseLetsgo ironmouseLetsgo ironmouseLetsgo ironmouseLetsgo ironmouseLetsgo ironmouseLetsgo,1
ironmouseLetsgo ironmouseLetsgo ironmouseLetsgo ironmouseLetsgo ironmouseLetsgo ironmouseLetsgo ironmouseLetsgo ironmouseLetsgo,1
LETS GOOOOOOO,1
LETSGO,1
ironmousePARTY ironmousePARTY ironmousePARTY ironmousePARTY ironmousePARTY,1
ironmouseLetsgo ironmouseLetsgo ironmouseLetsgo ironmouseLetsgo ironmouseLetsgo ironmouseLetsgo ironmouseLetsgo ironmouseLetsgo ironmouseLetsgo ironmouseLetsgo ironmouseLetsgo ironmouseLetsgo ironmouseLetsgo ironmouseLetsgo ironmouseLetsgo,1
ironmouseLetsgo ironmouseLetsgo ironmouseLetsgo ironmouseLetsgo ironmouseLetsgo ironmouseLetsgo,1
YOOOOO NAISU,1
ironmousePop ironmousePop ironmousePop ironmousePop ironmousePop ironmousePop,1
RRAAHHHH,0
ironmousePARTY ironmousePARTY ironmousePARTY ironmousePARTY ironmousePARTY,1
ironmouseLetsgo,1
LETSGO LETSGO LETSGO,1
LETSGO LETSGO LETSGO,1
YAYYYY,1
AAAA AAAA AAAA,5
LETSGOOOOOOO LETSGOOOOOOO LETSGOOOOOOO LETSGOOOOOOO LETSGOOOOOOO LETSGOOOOOOO,1
YAAAAAY!!!!,1
ironmouseLetsgo ironmouseLetsgo ironmouseLetsgo ironmouseLetsgo ironmouseLetsgo ironmouseLetsgo  ó €€,1
ironmousePARTY ironmousePARTY ironmousePARTY ironmousePARTY ironmousePARTY ironmousePARTY ironmousePARTY ironmousePARTY ironmousePARTY,1
ironmousePARTY ironmousePARTY PowerUpL,1
HELL YEAH LETSGO,1
ironmouseLetsgo ironmouseLetsgo ironmouseLetsgo ironmouseLetsgo ironmouseLetsgo,1
ironmousePARTY ironmousePARTY ironmousePARTY ironmousePARTY ironmousePARTY ironmousePARTY,1
ironmousePARTY ironmousePARTY ironmousePARTY ironmousePARTY ironmousePARTY,1
ironmousePARTY ironmousePARTY ironmousePARTY ironmousePARTY,1
ironmouseDab ironmouseDab ironmouseDab,1
ironmouseLetsgo ironmouseLetsgo ironmouseLetsgo ironmouseLetsgo ironmouseLetsgo,1
ironmousePARTY ironmousePARTY ironmousePARTY ironmousePARTY,1
ironmousePARTY ironmousePARTY ironmousePARTY,1
AAAA AAAA AAAA,5
ironmouseLetsgo ironmouseLetsgo ironmouseLetsgo ironmouseLetsgo ironmouseLetsgo ironmouseLetsgo,1
ironmouseLetsgo ironmouseLetsgo ironmouseLetsgo ironmouseLetsgo ironmouseLetsgo ironmouseLetsgo ironmouseLetsgo ironmouseLetsgo ironmouseLetsgo ironmouseLetsgo ironmouseLetsgo ironmouseLetsgo,1
Smite pros,6
ironmouseLetsgo ironmouseLetsgo ironmouseLetsgo ironmouseLetsgo ironmouseLetsgo ironmouseLetsgo ironmouseLetsgo ironmouseLetsgo ironmouseLetsgo ironmouseCheer ironmouseCheer ironmouseCheer ironmouseCheer ironmouseCheer ironmouseCheer ironmouseCheer ironmouseCheer ironmouseCheer,1
ironmouseLetsgo ironmouseLetsgo ironmouseLetsgo ironmouseLetsgo,1
ironmouseLetsgo ironmouseLetsgo ironmouseLetsgo ironmouseLetsgo ironmouseLetsgo ironmouseLetsgo,1
inkkRAVE inkkRAVE inkkRAVE inkkRAVE,1
GREAT TIME TO COME BACK!!!,1
ironmouseLetsgo ironmouseLetsgo ironmouseLetsgo ironmouseLetsgo ironmouseLetsgo,1
LETS GOOOOOOOOOOOOOOOOOOOOOO,1
ironmousePARTY ironmouseDab ironmousePARTY ironmouseDab ironmousePARTY ironmouseDab,1
NOWAY inisCheer,1
ironmouseHeadpat ironmouseHeadpat ironmouseHeadpat,1
ironmouseCheer ironmouseCheer ironmouseCheer ironmouseCheer ironmousePARTY ironmouseCheer ironmousePARTY ironmouseCheer ironmousePARTY ironmouseCheer ironmousePARTY ironmouseCheer ironmouseCheer ironmouseCheer ironmousePARTY,1
loki mvp,6
vickyv5Highlights vickyv5Highlights vickyv5Highlights vickyv5Highlights vickyv5Highlights,1
ironmousePARTY ironmousePARTY ironmousePARTY ironmousePARTY,1
*loud screaming*,9
ironmousePARTY ironmousePARTY ironmousePARTY ironmousePARTY,1
ironmouseLetsgo ironmouseLetsgo ironmouseLetsgo ironmouseLetsgo,1
ironmouseHeadpat ironmouseHeadpat ironmouseHeadpat ironmouseHeadpat ironmouseHeadpat,1
ironmouseLetsgo ironmouseLetsgo ironmouseLetsgo ironmouseLetsgo ironmouseLetsgo,1
GG,1
ironmouseLetsgo ironmouseLetsgo ironmouseLetsgo ironmouseLetsgo ironmouseLetsgo,1
ironmousePARTY ironmousePARTY ironmousePARTY ironmousePARTY ironmousePARTY,1
ironmousePARTY ironmousePARTY ironmousePARTY ironmousePARTY,1
henyatHenyagg,1
ironmouseDab ironmousePARTY ironmouseHeadpat,1
ironmouseBUBIHEAD ironmouseBUBITUMMY ironmouseBUBITUMMY ironmouseBUBITUMMY ironmouseBUBITUMMY ironmouseBUBITUMMY ironmouseBUBITUMMY ironmouseBUBITAIL,0
GEEGEE,1
gabotl1Muevelo gabotl1Muevelo gabotl1Muevelo gabotl1Muevelo,1
LETS GOOOOOOOOOOOO,1
ironmouseLetsgo ironmouseLetsgo ironmouseLetsgo ironmouseLetsgo ironmouseLetsgo ironmouseLetsgo ironmouseLetsgo ironmouseLetsgo,1
ironmousePARTY,1
gg,1
ironmouseCheer ironmouseCheer ironmouseCheer ironmouseCheer ironmouseCheer ironmouseCheer ironmouseCheer,1
TOP DAMAGE!,1
lets gooooooooooooooooooooooo,1
congratulations!!!,1
henyatHenyagg henyatHenyagg,1
lordae3Letsfkngo lordae3Letsfkngo lordae3Letsfkngo lordae3Letsfkngo lordae3Letsfkngo lordae3Letsfkngo lordae3Letsfkngo lordae3Letsfkngo lordae3Letsfkngo lordae3Letsfkngo lordae3Letsfkngo lordae3Letsfkngo lordae3Letsfkngo lordae3Letsfkngo lordae3Letsfkngo lordae3Letsfkngo lordae3Letsfkngo lordae3Letsfkngo  GGSSSSSS,1
EZ XD ironmousePARTY ironmousePARTY ironmousePARTY ironmouseHeadpat,1
3v3?,4
GG ironmousePARTY ironmousePARTY ironmousePARTY ironmousePARTY ironmousePARTY,1
SPL team ironmousePARTY ironmousePARTY ironmousePARTY ironmousePARTY ironmousePARTY ironmousePARTY ironmousePARTY ironmousePARTY ironmousePARTY,1
ironmousePARTY ironmousePARTY ironmousePARTY ironmousePARTY ironmousePARTY,1
ironmousePARTY,1
ironmousePARTY ironmousePARTY ironmousePARTY ironmousePARTY,1
ironmouseHeadpat good job lol,1
ironmousePARTY ironmousePARTY ironmousePARTY ironmousePARTY ironmousePARTY ironmousePARTY ironmousePARTY,1
MOUSE WITH TOP DAMAGE LETSGO,1
cirill9Wiggly cirill9Wiggly,1
ironmousePARTY ironmousePARTY ironmousePARTY ironmousePARTY ironmousePARTY ironmousePARTY ironmousePARTY,1
joust or slash,6
ironmouseHeadpat ironmouseHeadpat ironmouseHeadpat ironmouseHeadpat ironmouseHeadpat ironmouseHeadpat ironmouseHeadpat,1
ironmousePARTY ironmousePARTY ironmousePARTY  ironmouseDab ironmouseDab ironmouseDab ironmousePARTY ironmousePARTY ironmousePARTY ironmouseDab ironmouseDab ironmouseDab,1
congrats CarlSmile LUL,1
ironmousePARTY ironmousePARTY ironmousePARTY ironmousePARTY ironmousePARTY ironmousePARTY ironmousePARTY ironmousePARTY ironmousePARTY ironmousePARTY ironmousePARTY,1
ironmousePARTY ironmousePARTY ironmousePARTY ironmousePARTY ironmousePARTY ironmousePARTY ironmousePARTY ironmousePARTY ironmousePARTY,1
Loki and his partners,6
ironmouseDab ironmouseDab ironmouseDab ironmouseDab ironmouseDab ironmouseDab,1
Please refrain from shipping Mouse with any of her friends. It makes things weird and uncomfortable and you will be timed out. Continuously disregarding this request will result in a ban.,2
Sign em up for pros now,3
Joust is 3v3,6
SoCute,1
Joust!!,6
ironmousePARTY ironmousePARTY ironmousePARTY ironmousePARTY ironmousePARTY ironmousePARTY,1
aww,0
ironmousePARTY ironmousePARTY ironmousePARTY ironmousePARTY ironmousePARTY ironmousePARTY,1
Siempre lo supe BloodTrail,1
play Ymir he is beginner friendly,6
ironmousePARTY ironmousePARTY ironmousePARTY ironmousePARTY ironmousePARTY ironmousePARTY ironmousePARTY,1
ironmousePARTY ironmousePARTY ironmousePARTY ironmousePARTY ironmousePARTY ironmousePARTY ironmousePARTY ironmousePARTY ironmousePARTY ironmousePARTY,1
ironmouseLetsgo ironmouseLetsgo ironmouseLetsgo ironmouseLetsgo,1
gnight kson Bedge,9
"Hey mouse, its my first time here. I can can advice, I would say to use your sequet 2 first to engage instead of your 1. GGs",1
ironmouseLove ironmouseLove ironmouseLove ironmouseLove ironmouseLove ironmouseLove ironmouseLove ironmouseLove ironmouseLove ironmouseLove ironmouseLove ironmouseLove ironmouseLove ironmouseLove,1
ironmouseLetsgo ironmouseLetsgo ironmouseLetsgo,1
ironmouseLove ironmouseLove ironmouseLove ironmouseLove ironmouseLove ironmouseLove ironmouseLove ironmouseLove ironmouseLove ironmouseLove,1
ironmouseLetsgo ironmouseLetsgo ironmouseLetsgo ironmouseLetsgo,1
ironmouseAwoo ironmouseAwoo ironmouseAwoo ironmouseAwoo ironmouseAwoo ironmouseAwoo ironmouseAwoo,1
ironmouseLove ironmouseLove ironmouseLove ironmouseLove ironmouseLove ironmouseLove ironmouseLove ironmouseLove,1
ironmouseLetsgo ironmouseLetsgo ironmouseLetsgo ironmouseLetsgo ironmouseLetsgo,1
ironmouseLove ironmouseLove ironmouseLove ironmouseLove ironmouseLove,1
play maui,6
"Thanks, KSOOOOON~!!!!",1
BOSS ironmouseLove,1
take care kson CinnaWave,1
VICTORY,1
ironmouseLove ironmouseLove ironmouseLove ironmouseLove ironmouseLove ironmouseLove,1
Take care Kson ironmouseLove,1
that's a nice victory pose,1
ironmouseLove ironmouseLove ironmouseLove,1
Niiiight kson!,1
ironmouseLove ironmouseLove ironmouseLove ironmouseLove,1
Sleep well Kson,3
henyatDance henyatDance henyatDance henyatDance henyatDance,1
ironmouseLove ironmouseLove ironmouseLove ironmouseLove ironmouseLove ironmouseLove,1
ironmouseLove ironmouseLove ironmouseLove ironmouseLove ironmouseLove,1
I didn't see it but I heard it lets gooooo!!!,1
ironmouseLove ironmouseLove ironmouseLove ironmouseLove ironmouseLove ironmouseLove ironmouseLove ironmouseLove ironmouseLove ironmouseLove ironmouseLove ironmouseLove,1
ironmousePARTY ironmousePARTY ironmousePARTY ironmousePARTY ironmousePARTY ironmousePARTY ironmousePARTY,1
gabotl1Danza gabotl1Muevelo gabotl1Danza gabotl1Muevelo,1
ironmouseWiggly ironmouseWiggly ironmouseWiggly ironmouseWiggly ironmouseWiggly,1
kitnetLove kitnetLove kitnetLove,1
0:,5
0: 0: 0:,5
@slothrunner69 seperate,6
ironmouseLove ironmouseLove ironmouseLove ironmouseLove ironmouseLove ironmouseLove ironmouseLove,1
ironmouseLetsgo ironmouseLetsgo ironmouseLetsgo ironmouseLetsgo ironmouseLetsgo ironmouseLetsgo,1
ironmouseLove ironmouseLove ironmouseLove ironmouseLove ironmouseHihi,1
gn kson ironmouseLove,1
Assault can also be fun if you wanna learn random gods,6
Bye Kson ironmouseLove ironmouseLove ironmouseLove,1
I've been playing this game since season 1 and it's nice to see mouse playing it now,1
Awesome,1
So nice to end in a win ironmouseDED,1
0:,5
ironmouseDab ironmouseDab ironmouseDab ironmouseDab ironmouseDab,1
Take care Kson ironmouseLove,1
ironmouseLetsgo ironmouseLetsgo,1
gn kson,0
KEKW,1
ironmouseKEK ironmousePATS,1
ironmouseKEK,1
HUH WHAT,4
KEKW,1
Gn Kson,0
HUHH,4
Wat!?,4
monkaW,9
STRAIGHT???,4
Mousey,9
Why Ironmouse,4
??????????,4
Go to sleep,3
oh my god mousey,5
ironmouseHeadpat ironmouseHeadpat ironmouseHeadpat ironmouseHeadpat,1
HUHH,4
Good luck KSON,1
Mouse,9
jeez,5
Eild woman!,5
Mousey used her ult. Once,6
OMG,5
HUH,4
OMEGALUL,5
oh god,5
HUH,4
ironmousePARTY ironmousePARTY,1
Insomnia,0
ironmousePARTY,1
go to sleep,3
???? WHAT,4
O9MG,5
ironmouseMeltdown,7
@slothrunner69 separately for 900 gems,6
Wait wot?,4
Thats crazy,2
MOUSE SLEEP WOMAN,3
ironmouseWTF  Mousey!,5
@slothrunner69 MORE EXPENSIVE INDIVIDUALY,0
ironmouseJam ironmousePATS ironmouseComfy,1
2 daysssss!,5
BRUH,7
MOUSEY!!! ironmouseANGY,2
neatmcAngery neatmcAngery neatmcAngery neatmcAngery,2
Mousey get sleep!,3
HUHH,4
Go sleep,3
Jesus Mousey ironmouseKEK,1
ironmousePATS ironmousePATS ironmousePATS,1
What ironmouseANGY you need sleep ironmouseLove,1
ironmouseScared ironmouseScared ironmouseScared ironmouseScared,2
Get some rest LUL,1
No stream for another 30min,2
ironmousePATS ironmousePATS ironmousePATS,1
oh my gosh,5
MOUSE THE MAD DEMON,2
HUHH,4
ironmouseLove ironmouseLove ironmouseLove ironmouseLove,1
Mouse please,3
<3,1
WHAT??? TF??? Mouse... ironmouseHeadpat ironmouseHeadpat ironmouseHeadpat,1
Recharge,3
ironmouseKEK ironmouseKEK,1
Get some sleep!!!!,3
STRAIGHT?,4
ironmouseKEK,1
Go to sleep,3
ironmouseHeadpat ironmouseHeadpat,1
vickyv5Petpet vickyv5Petpet vickyv5Petpet vickyv5Petpet vickyv5Petpet vickyv5Petpet vickyv5Petpet vickyv5Petpet vickyv5Petpet vickyv5Petpet vickyv5Petpet,1
2 days!,5
SNUFFY!!!,3
L,0
Snuffy can teach you guys,6
CALL MIZKIF TO PLAY SMITE,3
Snuffy,3
More smite!,3
ironmouseHeadpat ironmouseHeadpat ironmouseHeadpat ironmouseHeadpat,1
LETSGO,1
LIVESTREAM Rip,7
ironmousePATS ironmousePATS ironmousePATS ironmousePATS ironmousePATS,1
Get some rest if you can ironmouseHeadpat,1
Snufft,3
Yeah!,1
Get some rest lol,3
Bye bye KSON!!!,6
ladyrebelHello ladyrebelHello ladyrebelHello ladyrebelHello,6
mousey rn ironmouseSUFFER KEKW,1
LETSGO,1
i just want the drops,3
ironmouseLetsgo ironmouseLetsgo ironmouseLetsgo ironmouseLetsgo ironmouseLetsgo ironmouseLetsgo,1
@dangererinlive nah ironmouseOwo,1
D:,5
ironmouseHeadpat ironmouseHeadpat ironmouseHeadpat,1
get bubi,6
bye kson,6
ironmouseLove ironmouseLove ironmouseLove ironmouseLove ironmouseLove ironmouseLove ironmouseLove ironmouseLove,1
ironmouseLetsgo ironmouseLetsgo ironmouseLetsgo,1
Don't forget to claim your drops chat. You cant get the next til you claim first!,3
ironmousePATS ironmousePATS ironmousePATS,1
ironmouseLove ironmouseLove ironmouseLove,1
@mixsystems wh henyatHenyaomegalul,1
So much fun!!,1
ironmousePARTY ironmousePARTY ironmousePARTY,1
rip,7
thank you Froot and Kson! ironmouseLove ironmouseLove,1
ironmouseLove ironmouseLove ironmouseLove ironmouseLove,1
ironmouseLove ironmouseLove ironmouseLove ironmouseLove ironmouseLove ironmouseLove ironmouseLove ironmouseLove,1
bye,6
ironmouseLove gn ironmouseLove,1
GOODNIGHTTTT,1
nyannPasu nyannPasu nyannPasu,6
thanks for the stream,1
ironmouseLove ironmouseLove ironmouseLove ironmouseLove ironmouseLove ironmouseLove ironmouseLove ironmouseLove ironmouseLove ironmouseLove ironmouseLove ironmouseLove ironmouseLove ironmouseLove ironmouseLove ironmouseLove ironmouseLove,1
BYeBYE,6
bye bye,6
oyasumiiin,6
ironmouseLove ironmouseLove ironmouseLove ironmouseLove ironmouseLove,1
ironmouseLove ironmouseLove ironmouseLove ironmouseLove ironmouseLove ironmouseLove,1
thanks for the stream ironmousePATS ironmouseLove,1
ironmouseLove ironmouseLove ironmouseLove ironmouseLove,1
goodnight,6
Night,6
ironmouseLove ironmouseLove ironmouseLove ironmouseLove ironmouseLove ironmouseCheer ironmouseCheer,1
ironmouseLove ironmouseLove ironmouseLove ironmouseLove ironmouseLove ironmouseLove ironmouseLove ironmouseLove ironmouseLove ironmouseLove ironmouseLove ironmouseLove ironmouseLove ironmouseLove,1
so fun ironmouseLove,1
ironmouseLove ironmouseLove ironmouseLove ironmouseLove ironmouseLove,1
Bye Gals! <3 <3 <3,1
Goodnight !,6
oh dam and i just got here XD,1
ironmouseLove ironmouseLove ironmouseLove ironmouseLove,1
ironmouseLove gn,1
ironmouseLove ironmouseLove ironmouseLove ironmouseLove,1
congrats on ending on a W,1
W ironmouseLove,1
GOODNIGHT ironmouseDED ironmouseDED,7
Bye,6
Love ya Mousey ironmouseLove,1
ironmouseLove,1
ironmouseLove ironmouseLove ironmouseLove,1
night,6
byeeee,6
ironmouseLove ironmouseLove ironmouseLove ironmouseLove ironmouseLove ironmouseLove ironmouseLove ironmouseLove ironmouseLove,1
ironmouseLove ironmouseLove ironmouseLove ironmouseLove ironmouseLove ironmouseLove ironmouseLove ironmouseLove ironmouseLove ironmouseLove ironmouseLove ironmouseLove,1
henyatHenyaheart henyatHenyaheart henyatHenyaheart,1
ironmouseLove ironmouseLove ironmouseLove ironmouseLove ironmouseLove ironmouseLove ironmouseLove,1
Buenas noches ironmousePARTY,1
ironmouseLove ironmouseLove ironmouseLove ironmouseLove ironmouseLove,1
ironmouseLove ironmouseLove ironmouseLove ironmouseLove ironmouseLove ironmouseLove,1
ironmouseLove ironmouseLove ironmouseLove,1
Bye mousey,6
ironmouseLove ironmouseLove ironmouseLove ironmouseLove ironmouseLove ironmouseLove,1
ironmouseLove ironmouseLove ironmouseLove ironmouseLove ironmouseLove ironmouseLove ironmouseLove ironmouseLove ironmouseLove ironmouseLove ironmouseLove ironmouseLove ironmouseLove ironmouseLove,1
you did great mouse NODDERS,1
ironmouseLetsgo ironmouseLetsgo,1
Goodnight Mousey,6
henyatHenyaheart henyatHenyaheart henyatHenyaheart henyatHenyaheart,1
ironmouseLove,1
ironmouseLove ironmouseLove ironmouseLove ironmouseLove ironmouseLove ironmouseLove,1
ironmouseHeadpat ironmouseHeadpat ironmouseHeadpat ironmouseHeadpat ironmouseHeadpat ironmouseHeadpat,1
ironmouseHeadpat ironmouseHeadpat ironmouseHeadpat ironmouseHeadpat ironmouseHeadpat,1
it was fun!!,1
goodnight ironmouseHeadpat ironmouseHeadpat ironmouseHeadpat ironmouseHeadpat,1
Bye!,6
dont feel bad,1
night mousey,6
It was fun to watch ironmouseLove ironmouseLove,1
cdawgHug cdawgHug cdawgHug,1
ironmouseLove ironmouseLove ironmouseLove ironmouseLove ironmouseLove ironmouseLove,1
ironmouseHeadpat ironmouseHeadpat ironmouseHeadpat ironmouseHeadpat,1
get some sleep ironmouseHeadpat,1
ironmousePATS ironmousePATS ironmousePATS ironmousePATS ironmousePATS ironmousePATS,1
ramaeaHeart ramaeaHeart ramaeaHeart ramaeaHeart ramaeaHeart,1
ironmouseLove ironmouseLove ironmouseLove ironmouseLove ironmouseLove ironmouseLove ironmouseLove,1
ironmouseLove,1
Bye KSon,6
ironmouseHeadpat ironmouseHeadpat ironmouseHeadpat,1
!drops,3
ironmouseLove ironmouseLove ironmouseLove ironmouseLove ironmouseLove ironmouseLove ironmouseLove ironmouseLove ironmouseLove ironmouseLove ironmouseLove ironmouseLove ironmouseLove ironmouseLove,1
ironmouseHeadpat ironmouseHeadpat ironmouseHeadpat ironmouseHeadpat,1
So do I!!!,6
ironmouseLove ironmouseLove ironmouseLove ironmouseLove ironmouseLove,1
ironmouseLove ironmouseLove ironmouseLove ironmouseLove,1
Sleep well Mousey,1
i heckin love smite,1
im glad!,1
love you mousey ironmouseHeadpat ironmouseHeadpat ironmouseHeadpat,1
ironmousePATS ironmousePATS ironmousePATS,1
Good!,1
ironmouseWow ironmouseLetsgo ironmouseKEK,1
Hell yeah ironmouseLove ironmouseLove ironmouseLove,1
ironmouseLove ironmouseLove ironmouseLove,1
ironmouseLove ironmouseLove ironmouseLove ironmouseLove ironmouseLove ironmouseLove ironmouseLove ironmouseLove ironmouseLove ironmouseLove ironmouseLove,1
glad you did,1
ironmouseHeadpat ironmouseHeadpat ironmouseHeadpat ironmouseHeadpat ironmouseHeadpat ironmouseHeadpat,1
Cool,1
ironmouseLove ironmouseLove ironmouseLove ironmouseLove,1
ironmouseLove ironmouseLove ironmouseLove ironmouseLove ironmouseLove ironmouseLove ironmouseLove ironmouseLove ironmouseLove ironmouseLove ironmouseLove ironmouseLove,1
ironmouseLetsgo ironmouseLetsgo,1
Good,1
It seems really fun,1
ironmouseLove ironmouseLove ironmouseLove ironmouseLove ironmouseLove ironmouseLove ironmouseLove ironmouseLove ironmouseLove ironmouseLove ironmouseLove ironmouseLove,1
ironmousePARTY ironmousePARTY ironmousePARTY ironmouseHeadpat ironmouseHeadpat,1
My code? :(,7
It's good,1
Thank you for streaming! ironmouseHeadpat,1
glad you are having fun ironmouseLetsgo,1
It's a fun game!,1
Thatâ€™s good smites fun,1
If you would 1 to support ironmouse donations are not required but greatly appreciated: https://streamelements.com/ironmouse/tip,1
ironmouseLove ironmouseLove ironmouseLove,1
you did pretty good,1
its just fun,1
Play more it's fun,1
maybe next time try some tanky bois,3
#ad,0
ironmouseHeadpat ironmouseHeadpat ironmouseHeadpat ironmouseHeadpat,1
It looks fun! ironmousePARTY ironmousePARTY ironmousePARTY,1
The actions looked really smooth!,1
get rest and fun streams ironmouseLove,1
Iâ€™ll get it tomorrow.,6
ironmouseLove ironmouseLove ironmouseLove ironmouseLove ironmouseLove ironmouseHeadpat ironmouseHeadpat ironmouseHeadpat ironmouseHeadpat ironmouseHeadpat ironmouseLove ironmouseHeadpat ironmouseHeadpat ironmouseHeadpat,1
Best moba?,4
seems fun,1
Smite is so fun.,1
I'm glad you 1 it,1
thats cool ironmousePATS,1
ironmouseLove ironmouseLove ironmouseLove ironmouseLove ironmouseLove ironmouseLove ironmouseLove ironmouseLove ironmouseLove ironmouseLove ironmouseLove ironmouseLove ironmouseLove ironmouseLove ironmouseLove ironmouseLove ironmouseLove ironmouseLove ironmouseLove ironmouseLove ironmouseLove ironmouseLove ironmouseLove ironmouseLove ironmouseLove ironmouseLove ironmouseLove ironmouseLove ironmouseLove ironmouseLove,1
smite is pretty beginner friendly,1
Thats what we all say LUL,1
It's fun,1
"It's fun, it's just the community that turns people off",1
Is fun game yes,1
def better with friends lol,1
ironmouseDab,1
boxieb1Nom boxieb1Nom,9
Big smite gamer now lol,1
fun to watch,1
ironmouseLove ironmouseLove ironmouseLove ironmouseLove ironmouseHihi ironmouseHihi,1
Glad you liked it Mousey!,1
se ve divertido,1
ironmouseLetsgo ironmouseLetsgo ironmouseLetsgo ironmouseLetsgo ironmouseLetsgo ironmouseLetsgo ironmouseLetsgo,1
SMITE is really fun. Just stay away from Conquest where the real sweaty players are,1
Epica victoria de despedida ironmousePARTY,1
I love this game and itâ€™s fun to watch,1
Get some sleep mousey! Recharge your mousey-meter,3
Oh no KEKW,1
Glad you're liking it!,1
welcome to the club,1
And very fast-paced,6
@ironmouse bc it's you lol.,1
It's a goog game,1
Donâ€™t forget Honkai,6
cdawgClap cdawgClap cdawgClap cdawgClap,1
ironmouseLove ironmouseLove ironmouseLove,1
Im glad you 1 it :3,1
any game is fun when played with friends,1
ironmouseSleep ironmouseSleep ironmouseSleep ironmouseSleep,6
mizkifL mizkifL mizkifL mizkifL,1
ironmousePARTY ironmousePARTY ironmousePARTY ironmousePARTY ironmousePARTY,1
That scythe in the background is giving me Thanatos PTSD,9
play as mulan she has a super sentai skin,6
You were learning it pretty quickly,1
Playing with friends makes all kinds of games fun,1
Goodnight CinnaLove,1
"Btw, Nightbot gave itself a giveaway while you were playing.  Is that normal?",4
@katie18188 ironmouseSUFFER,2
ironmouseJam,1
The team coordination makes it fun especially with friends,1
glad you enjoyed the time with your friends ironmouseLove,1
Call coach buffpup,6
You went into full gamer mode @ironmouse,6
having friends to have fun with helps a ton,1
"Its League Of Legends, But More interesting",6
goodnight Mousey ironmouseLove ironmouseLove ironmouseLove ironmouseLove ironmouseLove,1
ironmouseHeadpat,1
Your character is one of the harder ones to play,6
ironmouseLetsgo ironmouseWiggly ironmouseLetsgo ironmouseWiggly ironmouseLetsgo,1
Mlg pro ironmouse,1
ironmouseComfy ironmouseSleep ironmouseComfy ironmouseSleep ironmouseComfy ironmouseSleep,1
Think you could get monke into it? Itâ€™s a little 1 league,4
And you make it even more fun playing with friends of course! ironmouseLove,1
Snuffy or buff can teach you more,9
ironmouseHeadpat,1
Smite is life,6
and mouse fell asleep for a min,6
ironmouseComfy ironmouseComfy ironmouseComfy ironmouseComfy ironmouseComfy ironmouseComfy ironmouseComfy ironmouseComfy ironmouseComfy,1
For never having played a MOBA before (lol doesn't count) you three did super-good.,1
Games are fun when you get curb stomped then do the curb stomping,8
ironmouseOwo,1
Monke skin next,6
ironmouseWow ironmouseJam ironmouseWow,5
Gn Mousey ironmouseLove ironmouseLove thanks for the stream today ironmouseLove ironmouseLove,1
ironmouseLove ironmouseLove ironmouseLove ironmouseLove,1
Smite is life,6
lordae3Bedgeboy lordae3Bedgeboy lordae3Bedgeboy lordae3Bedgeboy lordae3Bedgeboy lordae3Bedgeboy,1
you were improving a lot,1
NODDERS get more used to them,1
Snuffy and Buff can coach you guys! ironmousePARTY ironmousePARTY ironmousePARTY,1
ironmouseLove ironmouseLove ironmouseLove ironmouseLove,1
just few years of piled on stuff to know,6
Snuffyy is pretty good,1
mojo1204 subscribed with Prime. ,6
ironmousePATS ironmousePATS ironmousePATS ironmousePATS,1
SeemsGood <3,1
ironmouseComfy ironmouseSleep ironmouseComfy ironmouseSleep ironmouseComfy ironmouseSleep,1
not more but yeah :),1
play it with conner,3
conquest is more fun but harder,1
ironmouseHeadpat ironmouseHeadpat,1
monkey can play sun wo kong,9
SeemsGood SeemsGood SeemsGood,1
Definitely a game thats more fun with friends,1
ironmouseLove ironmouseLove ironmouseLove ironmouseLove  ó €€,1
is that thanatos scythe behind you? KEKW,4
ironmouseLove,1
sounds goo,1
remember we can help if you want to stream it Okayge,1
"You might have fun playing Joust more than Arena, Arena is very hectic",1
Good then,1
It's a fun game =),1
I 1 the game too ironmouseComfy,1
ironmousePATS ironmousePATS ironmousePATS,1
become a slash tryhard,3
We're always here to help,1
ironmouseSleep ironmouseSleep ironmouseSleep ironmouseSleep ironmouseSleep ironmouseSleep ironmouseSleep ironmouseSleep ironmouseSleep ironmouseSleep ironmouseSleep ironmouseSleep ironmouseSleep ironmouseSleep ironmouseSleep,3
ironmousePARTY ironmousePARTY ironmousePARTY ironmouseHeadpat ironmouseHeadpat ironmouseHeadpat,1
Found a new game to binge on ironmouseKEK ironmousePATS ironmouseLove,1
It'd be a great game to play with Connor imo,1
ironmouseHeadpat ironmouseHeadpat ironmouseHeadpat,1
yep,1
SoCute she looks so sleepy,1
One second,6
Smite is so fun to play with friends,1
not mine :(,7
Even Nightbot tried to win,6
"Need the Buff n Snuff connection, lol",1
wwhere,4
not sure but nightbot got one XD,1
PauseChamp,2
"Uh oh, New addiction found...",2
cooooodes,3
ironmouseComfy ironmouseComfy ironmouseComfy ironmouseComfy,1
ironmousePARTY squchaTentacle,1
I didn't get mine,2
"It's not an easy game to learn, you were doing a great job",1
ironmouseSleep ironmouseSleep ironmouseSleep ironmouseSleep ironmouseSleep ironmouseSleep ironmouseSleep,6
@r0xyy ironmouseHihi ironmouseLove,1
Roxy says yes!,1
Time for relaxing mousy,3
ironmousePATS ironmousePATS ironmousePATS ironmousePATS,1
Nightbot got one,6
kiri_drakon subscribed at Tier 1. ,6
I never knew they were going out,6
henyatHenyagg,1
Love your voicelines,1
Night Bot won one,6
cdawgClap cdawgClap cdawgClap cdawgClap,1
I love that you find new games that you're immediately obsessed with!! @ironmouse,1
Code?,4
Nightbot won. KEKW,1
Id 1 a code please ironmousePARTY,1
ironmouseLetsgo,1
Hell yeah,1
ironmouseJam PianoTime,1
You did a great job today Sweetheart ironmouseNyanhug ironmouseNyanhug ironmouseNyanhug,1
<3,1
ironmouseLove ironmouseLove ironmouseLove ironmouseLove,1
Gn mouse,6
ironmouseLetsgo ironmouseLetsgo,1
Thanks for streaming ironmouseLove,1
ironmousePARTY ironmousePARTY ironmousePARTY ironmousePARTY,1
Thanks for the stream Mouse!,1
PopCorn,3
Aye aye!,1
Snuffy and Nyanners are OP now lol,1
They didnt give to nightbot ironmouseCry,7
ironmouseLove got them all,1
ironmouseLove ironmouseLove ironmouseLove ironmouseLove ironmouseLove,1
Yes ma'am,1
henyatCheer henyatCheer henyatCheer,1
ironmouseLove ironmouseLove ironmouseLove,1
cdawgClap cdawgClap cdawgClap cdawgClap,1
Code?,4
ironmouseLove ironmouseLove ironmouseLove ironmouseLove ironmouseLove ironmouseLove ironmouseLove ironmouseLove ironmouseLove ironmouseLove ironmouseLove ironmouseLove,1
It was great,1
ironmouseLove ironmouseLove ironmouseLove ironmouseLove ironmouseLove ironmouseLove ironmouseLove ironmouseLove ironmouseLove ironmouseLove ironmouseLove ironmouseLove,1
Bedge W/ mouseWHAT,4
NODDERS Was fun,1
thanks for the stream ironmouseLove,1
ironmouseLove ironmouseLove ironmouseLove ironmouseLove,1
ironmouseLove ironmouseLove ironmouseLove ironmouseLove ironmouseLove ironmouseLove,1
ironmouseHeadpat ironmouseHeadpat ironmouseHeadpat,1
4,0
thank u for stream it was so fun,1
ironmouseLove ironmouseLove ironmouseLove,1
Had a great time Mousey ironmouseLove,1
what is the codes for?,4
ironmouseHeadpat ironmouseHeadpat ironmouseHeadpat ironmouseHeadpat ironmouseHeadpat,1
It's in my inbox!,5
You playing smite tomorrow?,4
Thank you for the stream!,1
ironmouseLove ironmouseLove ironmouseLove ironmouseLove ironmouseLove ironmouseLove,1
got half of them cant wait to catch the next stream,3
I did thanks mouse,1
Take a good rest Mousey,1
What code?!,4
ironmousePARTY ironmousePARTY ironmousePARTY,1
<3 <3 <3 ironmouseHeadpat ironmouseHeadpat ironmouseHeadpat,1
Gn mouse,6
ironmouseHeadpat,1
ironmouseLove ironmouseLove ironmouseLove ironmouseLove ironmouseLove ironmouseLove ironmouseLove ironmouseLove ironmouseLove ironmouseLove ironmouseLove ironmouseLove ironmouseLove ironmouseLove,1
ironmouseLove ironmouseLove ironmouseLove,1
Get some rest and sleep well dude,3
Thanks for the fun Mouse and Playing SMITE for us!!!!!!,1
ironmouseLove ironmouseLove ironmouseLove ironmouseLove ironmouseLove,1
ironmouseHeadpat ironmouseHeadpat ironmouseHeadpat,1
ironmouseLove ironmouseLove ironmouseLove ironmouseLove ironmouseLove,1
Just bought all the skins,6
ironmouseHeadpat ironmouseHeadpat ironmouseHeadpat ironmouseHeadpat ironmouseHeadpat ironmouseHeadpat ironmouseHeadpat ironmouseHeadpat,1
ironmouseKEK ironmouseLove,1
I got mine,6
KEKW,1
thanks for the stream!!,1
Thank youuu â™¡â™¡â™¡â™¡,1
Thanks for the stream! ironmousePARTY proxim10HellYeah proxim10Poggers proxim10LetsGo,1
Thank you mouse ironmousePARTY ironmousePARTY ironmousePARTY ironmousePARTY,1
ironmousePARTY ironmousePARTY ironmousePARTY ironmousePARTY ironmousePARTY ironmousePARTY ironmousePARTY ironmousePARTY,1
Any left?,4
ironmouseLove ironmouseLove ironmouseLove ironmouseLove ironmouseLove ironmouseLove ironmouseLove ironmouseLove ironmouseLove ironmouseLove ironmouseLove ironmouseLove ironmouseLove ironmouseLove ironmouseLove ironmouseLove ironmouseLove ironmouseLove,1
"Goodnight mousey. Rest well, take care, and we all love you!",1
ironmouseLove ironmouseHeadpat ironmouseLove ironmouseHeadpat ironmouseLove ironmouseHeadpat ironmouseLove ironmouseHeadpat ironmouseLove ironmouseHeadpat ironmouseLove ironmouseHeadpat ironmouseLove ironmouseHeadpat,1
ðŸ˜Ž,1
ironmouseSleep ironmouseSleep ironmouseSleep ironmouseSleep ironmouseSleep ironmouseSleep ironmouseSleep ironmouseSleep,6
I don't think I got a code,2
you gonna take a day mousey?,4
LUL,1
ironmouseHeadpat ironmouseHeadpat ironmouseHeadpat ironmouseHeadpat,1
Congrats on the winners!,1
Yeah ironmouseKEK,1
ironmouseCOOLBRO,1
I am glad to hear you enjoyed the game. Seemed 1 everyone was for sure,1
ironmouseLove ironmouseLove ironmouseLove,1
ironmouseHeadpat ironmouseHeadpat ironmousePARTY ironmousePARTY ironmousePARTY,1
haruchiHeart,1
Super long stream!,6
Try to rest,3
ironmouseHeadpat ironmouseHeadpat ironmouseHeadpat ironmouseHeadpat ironmouseHeadpat ironmouseHeadpat,1
ironmouseHeadpat ironmouseHeadpat ironmouseHeadpat ironmouseHeadpat,1
ironmouseLove ironmouseLove ironmouseLove ironmouseLove ironmouseLove ironmouseLove,1
ironmousePARTY ironmousePARTY ironmousePARTY ironmousePARTY ironmousePARTY,1
It was so fun!!â™¡â™¡â™¡â™¡â™¡â™¡,1
ironmouseLetsgo ironmouseLetsgo ironmouseLetsgo ironmouseLetsgo ironmouseLetsgo ironmouseLetsgo,1
ironmouseHeadpat ironmouseHeadpat ironmouseHeadpat ironmouseHeadpat,1
ironmouseLove ironmouseLove ironmouseLove ironmouseLove ironmouseLove ironmouseLove ironmouseLove ironmouseLove ironmouseLove ironmouseLove ironmouseLove ironmouseLove ironmouseLove ironmouseLove ironmouseLove ironmouseLove ironmouseLove ironmouseLove ironmouseLove ironmouseLove ironmouseLove ironmouseLove ironmouseLove ironmouseLove ironmouseLove ironmouseLove ironmouseLove ironmouseLove ironmouseLove ironmouseLove ironmouseLove,1
ironmouseHeadpat ironmouseHeadpat ironmouseHeadpat ironmouseHeadpat ironmouseHeadpat,1
Yeah ironmouseLetsgo,1
ðŸ˜‚â“,4
ironmouseJam ironmouseDORIME,1
ironmouseLove ironmouseLove ironmouseLove ironmouseLove ironmouseLove ironmouseLove ironmouseLove ironmouseLove ironmouseLove ironmouseLove ironmouseLove ironmouseLove ironmouseLove ironmouseLove ironmouseLove,1
ironmouseLove ironmouseLove ironmouseLove ironmouseLove ironmouseLove,1
INTERNET?!?!? Yeah right LUL,1
ironmouseLove ironmouseLove ironmouseLove ironmouseLove ironmouseLove,1
ironmouseLove ironmouseLove ironmouseLove ironmouseLove ironmouseLove,1
Ok,6
ironmouseSleep ironmouseSleep ironmouseSleep ironmouseSleep ironmouseSleep ironmouseSleep ironmouseSleep,6
Hopefully ironmouseMeltdown,7
ironmouseLetsgo ironmouseLetsgo ironmouseLetsgo,1
ironmouseHeadpat ironmouseHeadpat ironmouseHeadpat ironmouseHeadpat,1
aw cool :),1
ironmouseLove ironmouseLove ironmouseLove ironmouseLove ironmouseLove ironmouseLove ironmouseLove ironmouseLove ironmouseLove ironmouseLove ironmouseLove ironmouseLove ironmouseLove,1
ironmouseKEK ironmouseLove ironmouseLove ironmouseLove ironmouseLove ironmouseLove,1
ironmouseLetsgo ironmouseLetsgo ironmouseLetsgo,1
ironmousePATS,1
CoÃ±io caraj0,2
HOORAY FOR IRONSIS!!!,1
ironmouseLove ironmouseLove ironmouseLove,1
YouTube stream?,4
and she can reach the router,6
Noice,2
"Thank you, IronSis~!",1
Finally a tall person !,1
ironmouseLove ironmouseLove ironmouseLove ironmouseLove ironmouseLove,1
"you two where up long enough for me to go to bed, get up, go to work, and take another nap before you finished.",6
Now get some sleep Gremolin ironmousePATS ironmousePATS,1
All good,1
ironmouseHeadpat ironmouseHeadpat ironmouseHeadpat,1
Damn girl you need a step stool,3
ironmouseLove,1
its ok,6
Mousey The GOAT,1
ironmouseHeadpat ironmouseHeadpat ironmouseHeadpat,1
It's okay ironmouseKEK ironmousePATS,1
You can reset router remotely reminder,3
no prob,6
it's ok,6
It's all good ironmousePATS,1
ironmouseHeadpat ironmouseHeadpat ironmouseHeadpat ironmouseHeadpat ironmouseHeadpat,1
ironmouseHeadpat ironmouseHeadpat ironmouseHeadpat,1
ironmousePATS ironmousePATS ironmousePATS ironmousePATS ironmousePATS,1
Oh I see.,6
ironmouseHeadpat ironmouseHeadpat ironmouseHeadpat ironmouseHeadpat ironmouseHeadpat ironmouseHeadpat ironmouseHeadpat ironmouseHeadpat ironmouseHeadpat,1
NewRecord,1
no more smite?,4
It's good,1
ok conyo,6
Love you mousy,1
ironmouseLove ironmouseLove ironmouseLove ironmouseLove,1
ironmouseWiggly ironmouseWiggly ironmouseWiggly ironmouseWiggly ironmouseWiggly ironmouseWiggly ironmouseWiggly ironmouseWiggly ironmouseWiggly ironmouseWiggly ironmouseWiggly ironmouseWiggly,1
Is okay ironmousePATS ironmousePATS,1
ironmouseLove,1
CoÃ±o!,0
No worries,1
es muy divertido :D,1
ironmouseLove ironmouseLove ironmouseLove ironmouseLove,1
ironmouseLove ironmouseLove ironmouseLove ironmouseLove ironmouseLove,1
I'm late,6
ironmousePATS ironmousePATS ironmousePATS ironmousePATS ironmousePATS ironmousePATS ironmousePATS,1
Yep! ironmousePARTY ironmousePARTY ironmousePARTY ironmouseHeadpat ironmouseHeadpat ironmouseHeadpat,1
ironmouseHeadpat ironmouseHeadpat ironmouseHeadpat ironmouseHeadpat ironmouseHeadpat ironmouseHeadpat ironmouseHeadpat,1
YEAH LETSGO,1
Its cute xD,1
nearly,6
LETSGO,1
Hello,6
SNUFFY!!! ó €€,3
"I got the drops,but no code",express_abashed
ironmouseSnuffyhug ironmouseSnuffyhug ironmouseSnuffyhug ironmouseSnuffyhug ironmouseSnuffyhug ironmouseSnuffyhug ironmouseSnuffyhug ironmouseSnuffyhug ironmouseSnuffyhug ironmouseSnuffyhug ironmouseSnuffyhug ironmouseSnuffyhug ironmouseSnuffyhug ironmouseSnuffyhug,1
ironmouseLove ironmouseLove ironmouseLove ironmouseLove ironmouseLove ironmouseLove ironmouseLove ironmouseLove ironmouseLove ironmouseLove ironmouseLove ironmouseLove,1
YES,6
Yes thanks,1
Snuffy is the best coach ever,6
No :(,7
ironmouseLetsgo ironmouseLetsgo ironmouseLetsgo ironmouseLetsgo,1
that would be great,3
ironmouseJam ironmouseJam,1
ironmouseSnuffyhug ironmouseSnuffyhug ironmouseSnuffyhug ironmouseSnuffyhug,1
get monkey to play smite,6
that would be hype,3
ironmouseHeadpat ironmouseHeadpat ironmouseHeadpat ironmouseHeadpat,1
ironmouseWow ironmouseSnuffyhug ironmouseDORIME,1
Yep!,1
June 1st,6
im at 88 go back to smite category for 5 minutes,6
21,0
ironmouseSnuffyhug,1
Yeah! Snuffy!,1
I missed it D: ironmouseHeadpat,1
Snuffy is a good teacher,1
I missed the drops today,3
end of month,6
Wed 31st,6
Yes,6
Might check drops later,3
Until 31rd,6
it says for me,1
June 1st?,4
I got a code and i'm excited to play soon ironmouseLove,1
31,0
May 31st,6
ironmouseSnuffyhug,1
ironmouseHeadpat ironmouseHeadpat ironmouseHeadpat ironmouseHeadpat ironmouseHeadpat,1
LETSGO Coach Snuffy!,1
Coach Snuffy is great,1
Gotta have a full 5 stack ironmousePARTY ironmousePARTY ironmousePARTY,1
ironmouseWiggly,0
sweet dreams mousey ironmouseHeadpat ironmouseHeadpat ironmouseHeadpat,1
End fo month,6
ironmousePARTY ironmousePARTY ironmousePARTY,1
Bedge with mouseWHAT,4
I just tuned in I'm halfway to getting your drops,6
The skins and sounds were better than i expected,1
mouseWOW,5
Will you raid a smite content creator,4
play with nyan too?,4
ironmousePATS,1
Ye,6
Get miz KEKW,1
get buffpup LETSGO,1
NICE.,1
"today was fun Mouse, thanks for hanging out",1
ironmouseLove ironmouseLove ironmouseLove ironmouseLove ironmouseLove,1
ExtraLife,0
Take care Mousey ironmouseLove ironmouseHeadpat,1
FeelsLagMan,9
ironmouseHeadpat ironmouseHeadpat ironmouseHeadpat ironmouseHeadpat,1
Hi IronMouse,6
Good night,6
ironmouseLove ironmouseLove ironmouseLove ironmouseLove ironmouseLove ironmouseLove,1
ironmouseLove ironmouseLove ironmouseLove ironmouseLove ironmouseLove ironmouseLove,1
get BuffPup too she can play too,6
Goodnight Mousey ironmouseLove,1
ironmouseKEK ironmousePATS ironmouseComfy,1
goodnight,6
ironmouseSnuffyhug,1
ironmousePARTY ironmousePARTY ironmousePARTY,1
Sleep you fool!,3
ironmouseLove ironmouseLove ironmouseLove ironmouseLove ironmouseLove ironmouseLove,1
have a good slep Bedge,1
ironmouseHeadpat ironmouseHeadpat ironmouseHeadpat,1
Way too long,2
ironmouseSATANAS,2
take care Mousey ironmouseLove,1
ironmouseLove ironmouseLove ironmouseLove ironmouseLove,1
ironmouseLove ironmouseLove ironmouseLove ironmouseLove ironmouseLove ironmouseLove,1
Goodnight!,6
Goodnight!,6
ironmouseHeadpat ironmouseHeadpat ironmouseHeadpat ironmouseHeadpat ironmouseHeadpat,1
Yeah fr ironmouseKEK ironmousePATS,1
Bye Mousey! Take care ironmouseLove ironmouseLove ironmouseLove,1
good night,6
Goodnight,6
ironmouseLove ironmouseLove ironmouseLove ironmouseLove ironmouseLove ironmouseLove,1
ye you need sleep,3
goodnight Mousey! have a lovely night,1
Bedge,6
ironmouseLove ironmouseLove ironmouseLove,1
"Thanks, Mousey~! You're such a trooper~!",1
Bedge,6
ironmouseLove ironmouseLove ironmouseLove ironmouseLove ironmouseLove ironmouseLove ironmouseLove ironmouseLove ironmouseLove ironmouseLove ironmouseLove,1
Love you too!,1
"rest well, thanks for strim",1
ironmouseHeadpat ironmouseHeadpat ironmouseHeadpat ironmouseHeadpat ironmouseHeadpat ironmouseHeadpat,1
ironmousePATS ironmousePATS,1
ok ty gn Mousey ironmouseLove,1
ironmouseLove ironmouseLove ironmouseLove ironmouseLove ironmouseLove ironmouseLove ironmouseLove ironmouseLove ironmouseLove ironmouseLove ironmouseLove ironmouseLove ironmouseLove ironmouseLove ironmouseLove ironmouseLove ironmouseLove ironmouseLove ironmouseLove ironmouseLove ironmouseLove,1
GN ironmouse,6
GO SLEEP,3
ironmouseLove ironmouseLove ironmouseLove ironmouseLove,1
Sleep well!,3
ironmousePATS ironmouseComfy ironmousePATS,1
Bye,6
@Snuffy knows alot about this game so makes sense.,6
<3 <3 <3 <3 <3,1
byeeeee,6
Good night Mousey!,6
Goodnight Mousey,6
that was fun,1
ironmouseLove ironmouseLove ironmouseLove,1
Kappa ironmousePARTY,1
kitnetLove kitnetLove kitnetLove kitnetLove,1
ironmouseLove ironmouseLove ironmouseLove ironmouseLove ironmouseLove,1
ironmouseLove ironmouseLove ironmouseLove ironmouseLove,1
"bedge time Thanks for stream Mouse, rest up ironmouseLove",1
Bedge,6
Goodnight mousey,6
ironmouseLove ironmouseLove ironmouseLove ironmouseLove ironmouseLove ironmouseLove ironmouseLove ironmouseLove ironmouseLove,1
ironmouseLove ironmouseLove ironmouseLove ironmouseLove ironmouseLove,1
GN mousey,6
Time to hibernate!,3
have a good night! :),1
bye,6
ironmouseLove ironmouseLove ironmouseLove ironmouseLove ironmouseLove ironmouseLove ironmouseLove ironmouseLove ironmouseLove ironmouseLove ironmouseLove ironmouseLove ironmouseLove ironmouseLove ironmouseLove ironmouseLove ironmouseLove ironmouseLove,1
ironmouseLove ironmouseLove ironmouseLove ironmouseLove ironmouseLove ironmouseLove,1
<3 <3 <3 <3 <3,1
Goodnight!,6
ironmouseLove ironmouseLove ironmouseLove ironmouseLove,1
goodnight mousey ironmouseHeadpat ironmouseHeadpat ironmouseHeadpat,1
ironmouseLove ironmouseLove ironmouseLove ironmouseLove ironmouseLove,1
ironmouseLove ironmouseLove ironmouseLove ironmouseLove,1
bye byeeee,6
ironmouseDab,2
Byeeeeee,6
night mousey,6
Love ya Mousey ironmouseLove,1
Thank you ironmouseLove ironmouseLove ironmouseLove,1
ironmouseKEK,1
ironmousePATS ironmousePATS ironmousePATS ironmousePATS ironmousePATS ironmouseLove,1
CinnaLove CinnaLove CinnaLove,1
ironmouseHeadpat ironmouseHeadpat ironmouseHeadpat ironmouseHeadpat ironmouseHeadpat ironmouseHeadpat ironmouseHeadpat,1
G'night Mousey,6
ironmouseLove ironmouseLove ironmouseLove ironmouseLove ironmouseLove ironmouseLove,1
BYEEEEEEEE,6
ironmouseLove ironmouseLove ironmouseLove,1
ironmouseHeadpat ironmouseHeadpat ironmouseHeadpat ironmousePARTY ironmousePARTY,1
Bedge,6
NIGHT MOUSEY,6
Bye bye love u ironmouseLove ironmouseLove ironmouseLove ironmouseLove,1
cdawgLove,1
ironmouseLove ironmouseLove ironmouseLove ironmouseLove,1
Good Night!,6
mousy good night,6
thank you for the stream ironmouseLove ironmouseLove ironmouseLove,1
ironmouseHeadpat ironmouseHeadpat ironmouseHeadpat ironmouseHeadpat ironmouseHeadpat,1
ironmouseLove ironmouseLove ironmouseLove ironmouseLove,1
ironmousePATS ironmousePATS ironmousePATS ironmousePATS ironmousePATS ironmousePATS ironmousePATS,1
See you later mousey,1
Wuv ya 2 bro ironmouseKEK ironmouseLove,1
Otsu Mousy,1
i really 1 ur skin but im really sad its on a character i dont 1 :/ either way its cute,7
ironmouseKEK,1
ironmouseLove ironmouseLove ironmouseLove ironmouseLove ironmouseLove ironmouseLove ironmouseLove ironmouseLove ironmouseLove ironmouseLove ironmouseLove ironmouseLove ironmouseLove ironmouseLove ironmouseLove ironmouseLove ironmouseLove ironmouseLove ironmouseLove ironmouseLove ironmouseLove ironmouseLove ironmouseLove ironmouseLove ironmouseLove ironmouseLove ironmouseLove ironmouseLove ironmouseLove ironmouseLove ironmouseLove,1
ironmouseHeadpat,1
LUL LUL LUL,1
Bye bye!,6
ironmouseLove ironmouseLove ironmouseLove ironmouseLove ironmouseLove,1
KEKW,1
goodnight ironmouseLove,1
K' Bye BYe Mousey!!!,6
ironmouseLove ironmouseLove ironmouseLove ironmouseLove ironmouseLove ironmouseLove ironmouseLove ironmouseLove ironmouseLove ironmouseLove ironmouseLove ironmouseLove,1
ironmousePARTY ironmousePARTY ironmousePARTY partydemonWave partydemonWave partydemonWave,1
"Thanks, MODS~! You're all amazing, too~!",1
ironmousePop ironmousePop ironmousePop ironmousePop ironmousePop ironmousePop ironmousePop ironmousePop ironmousePop,1
I kept up with the stream while at the gym ironmouseDED ironmouseDED ironmouseDED,7
ironmouseSleep ironmouseSleep ironmouseSleep ironmouseSleep,6
ironmousePOGGERS ironmousePOGGERS ironmousePOGGERS ironmousePOGGERS,5
AHHHHH,5
sleep well ironmouseSleep ironmouseLove ironmouseLove,1
ironmouseLove ironmouseLove ironmouseLove ironmouseLove ironmouseLove ironmouseLove ironmouseLove ironmouseLove ironmouseLove ironmouseLove ironmouseLove ironmouseLove,1
ironmouseKEK ironmouseKEK ironmouseKEK,1
gn mousy,6
Get some beauty sleep mousey. You've earned it.,3
bye ironmouseLove ironmouseLove ironmouseLove ironmouseLove ironmouseLove ironmouseLove ironmouseLove ironmouseLove ironmouseLove,1
good nightttt,6
Byeee byeee <3 <3 <3,1
"Get your well-deserved rest, I'll catch you later Mousey!!! ironmouseLove",1
ironmouseHUGGY ironmouseHUGGY ironmouseHUGGY ironmouseHUGGY ironmouseHUGGY ironmouseHUGGY ironmouseHUGGY ironmouseHUGGY,1
"Nitey nite, Sweetie!!",1
gb,6
good night mousey ironmouseHeadpat,1
Bye Mousey <3,1
LUL LUL LUL,1
Mmmmmmwah,1
BYEEEEE,6
Goodnight mousy ironmousePARTY ironmousePARTY,1
ironmouseLove ironmouseLove ironmouseLove ironmouseLove ironmouseLove ironmouseLove ironmouseLove ironmouseLove ironmouseLove ironmouseLove ironmouseLove ironmouseLove ironmouseLove ironmouseHUGGY ironmouseHUGGY,1
ironmouseLove ironmouseLove ironmouseLove ironmouseLove ironmouseLove ironmouseLove ironmouseLove ironmouseLove ironmouseLove,1
ironmousePop ironmousePop ironmousePop,1
ironmousePop,1
Thanks for the stream,1
ironmouseLove ironmouseLove ironmouseLove ironmouseLove,1
ironmouseLove ironmouseLove ironmouseLove ironmouseLove ironmouseLove,1
ironmouseHeadpat ironmouseHeadpat ironmouseHeadpat ironmouseHeadpat ironmouseHeadpat,1
gn,6
ironmouseHeadpat ironmouseHeadpat,1
ironmousePop ironmousePop ironmousePop ironmousePop,1
ironmouseKEK,1
ironmouseLove ironmouseLove ironmouseLove,1
KEKW,1
KEKW,1
byeeeee,6
ironmouseMeltdown ironmouseMeltdown ironmouseMeltdown ironmouseMeltdown ironmouseMeltdown ironmouseMeltdown,7
Bedge,6
Byeeee ironmouseLove ironmouseLove ironmouseLove,1
"Bye, Mousey!",6
Fun stream as always Mousey! <3 <3 <3 Rest well! ironmouseHeadpat ironmouseHeadpat ironmouseHeadpat,1
ironmouseKEK ironmouseKEK ironmouseKEK ironmouseKEK ironmouseKEK,1
AAAA,5
goodnight ironmousePop ironmousePop,1
gn mousey,6
night ironmouseSleep,6
ironmouseLove Goodnight Mouse! ironmouseLove,1
ironmouseLove ironmouseLove ironmouseLove ironmouseLove ironmouseLove ironmouseLove ironmouseLove,1
ironmouseLove ironmouseLove ironmouseLove ironmouseLove ironmouseLove ironmouseLove,1
love you mousey,1
Good night!,6
ironmouseHeadpat ironmouseHeadpat ironmouseHeadpat ironmouseHeadpat ironmouseHeadpat ironmouseHeadpat ironmouseHeadpat ironmouseHeadpat ironmouseHeadpat,1
ironmouseHeadpat ironmouseHeadpat ironmousePARTY ironmousePARTY ironmousePARTY,1
I enjoyed my stay,1
ironmouseHeadpat ironmouseHeadpat ironmouseHeadpat,1
ironmouseLove ironmouseLove ironmouseLove ironmouseLove ironmouseLove,1
Goodnight mousey go sleep ironmouseLove ironmouseLove ironmouseLove ironmouseLove ironmouseLove ironmouseLove ironmouseLove ironmouseLove ironmouseLove ironmouseLove ironmouseLove,1
Good stream :) fr0gmiPetmod,1
Seeya!!,6
ironmouseLove ironmouseLove ironmouseLove ironmouseLove ironmouseLove,1
ironmouseHeadpat ironmouseHeadpat ironmouseHeadpat ironmouseHeadpat ironmouseHeadpat ironmouseHeadpat ironmouseHeadpat ironmouseHeadpat ironmouseHeadpat ironmouseHeadpat ironmouseHeadpat,1
GO TO BED GREMLIN! ironmouseHeadpat,1
ironmouseLove ironmouseLove ironmouseLove ironmouseLove ironmouseLove ironmouseLove ironmouseLove ironmouseLove ironmouseLove ironmouseLove ironmouseLove ironmouseLove,1
Thank you for the stream!! ironmouseLove ironmouseLove ironmouseLove,1
You earned your rest mousey! Sleep tight ironmouseHeadpat,1
ironmouseHeadpat ironmouseHeadpat ironmouseHeadpat ironmouseHeadpat,1
Henya!!!!,1
ironmouseHeadpat ironmouseHeadpat ironmouseHeadpat ironmouseHeadpat ironmouseHeadpat ironmouseHeadpat,1
Goodnight! Thank you for the stream!!,1
ironmouseLove ironmouseLove ironmouseLove ironmouseLove ironmouseLove,1
hearts for mouseyyy,1
ironmouseLove ironmouseLove ironmouseLove ironmouseLove ironmouseLove ironmouseLove ironmouseLove ironmouseLove ironmouseLove,1
ironmouseHeadpat,1
ironmouseLove ironmouseLove ironmouseLove ironmouseLove ironmouseLove ironmouseLove ironmouseLove,1
ironmouseLove ironmouseLove ironmouseLove ironmouseLove ironmouseLove ironmouseLove ironmouseLove ironmouseLove ironmouseLove ironmouseLove,1
selkHeart ironmouseLove selkHeart ironmouseLove selkHeart ironmouseLove,1
ironmouseLove ironmouseLove ironmouseLove ironmouseLove ironmouseLove,1
ironmouseHeadpat ironmouseHeadpat ironmouseHeadpat ironmouseHeadpat ironmouseHeadpat ironmouseHeadpat ironmouseHeadpat,1
:O,5
ironmouseLove ironmouseLove ironmouseLove ironmouseLove ironmouseLove ironmouseLove ironmouseLove,1
ironmouseHeadpat ironmouseHeadpat ironmouseHeadpat ironmouseHeadpat ironmouseHeadpat ironmouseHeadpat ironmouseHeadpat,1
ironmouseLove ironmouseLove ironmouseLove,1
ironmouseLove ironmouseLove ironmouseLove ironmouseLove ironmouseLove ironmouseLove ironmouseLove ironmouseLove ironmouseLove ironmouseLove ironmouseLove ironmouseLove ironmouseLove ironmouseLove ironmouseLove ironmouseLove ironmouseLove,1
ironmousePARTY ironmousePARTY ironmousePARTY ironmousePARTY,1
ironmousePop ironmousePop ironmousePop,1
LUL LUL LUL,1
ironmouseLove ironmouseLove ironmouseLove ironmouseLove ironmouseLove  ó €€,1
ironmouseDERP ironmouseDERP ironmouseDERP ironmouseDERP ironmouseDERP ironmouseDERP,4
ironmouseHeadpat ironmouseHeadpat ironmouseHeadpat ironmouseHeadpat ironmouseHeadpat ironmouseHeadpat,1
We get the gist,1
weirdest grandma kiss of my life,1
Sleep well Mouse,3
BYEBYE MOUSEY!!!!,6
ironmousePARTY ironmousePARTY ironmousePARTY ironmousePARTY,1
Bye bye Mousey ironmouseKEK ironmousePATS ironmouseLove,1
ironmouseHeadpat ironmouseHeadpat ironmousePARTY ironmousePARTY ironmousePARTY ironmousePARTY,1
ironmouseLove ironmouseLove ironmouseLove,1
ironmouseHeadpat ironmouseHeadpat ironmouseHeadpat ironmouseHeadpat ironmouseHeadpat ironmouseHeadpat ironmouseHeadpat ironmouseHeadpat ironmouseHeadpat ironmouseHeadpat,1
"Much love, Famoly~! Take great care~!",1
ironmouseHeadpat ironmouseHeadpat ironmouseHeadpat ironmouseHeadpat ironmouseHeadpat ironmouseHeadpat ironmouseHeadpat ironmouseHeadpat,1
nyannMegalul,8
mizkifHug mizkifHug mizkifHug mizkifHug mizkifHug,1
ironmouseLove ironmouseLove ironmouseLove ironmouseLove ironmouseLove,1
ironmouseHeadpat ironmouseHeadpat ironmouseHeadpat ironmouseHeadpat ironmouseHeadpat ironmouseHeadpat ironmouseHeadpat ironmouseHeadpat ironmouseHeadpat,1
cya mousie,6
ironmouseLove ironmouseLove ironmouseLove ironmouseLove  ó €€,1
ironmousePARTY ironmousePARTY ironmousePARTY ironmousePARTY ironmousePARTY ironmousePARTY,1
ironmouseLove ironmouseLove ironmouseLove,1
kiryuSmash,9
ironmouseLove ironmouseLove ironmouseLove ironmouseLove ironmouseLove,1
@ironmouse Good Night and bye lol,1
ironmouseLove ironmouseLove ironmouseLove ironmouseLove ironmouseLove ironmouseLove,1
Bye Mousey,6
ironmouseHeadpat ironmouseHeadpat ironmouseHeadpat ironmouseHeadpat ironmouseHeadpat,1
thank you for stream!!! get some good rest,1
ironmouseLove ironmouseLove ironmouseLove,1
Tsundere,9
ironmouseLove ironmouseLove ironmouseLove,1
KEKW,1
ironmouseHeadpat ironmouseHeadpat ironmouseHeadpat ironmouseHeadpat ironmouseHeadpat ironmouseHeadpat ironmouseHeadpat <3 <3 <3 <3 <3,1
Byeeeeee,6
CaitlynS,express_abashed
DESKCHAN DESKCHAN,9
ironmousePATS ironmousePATS ironmousePATS,1
Good Night Mousey,6
kiryuSmash,9
ironmouseComfy ironmouseComfy ironmouseComfy ironmouseComfy ironmouseComfy ironmouseComfy,1
goodnight ironmouseHeadpat ironmouseHeadpat ironmouseHeadpat,1
See ya Mousey,6
ironmouseBARBARA ironmouseBARBARA ironmouseBARBARA ironmouseBARBARA ironmouseBARBARA ironmouseBARBARA ironmouseBARBARA,1
ironmouseHearteyes ironmouseHearteyes ironmouseHearteyes ironmouseHearteyes ironmouseHearteyes ironmouseLove ironmouseLove ironmouseLove,1
ironmouseHeadpat ironmouseHeadpat ironmouseHeadpat ironmouseHeadpat ironmouseHeadpat ironmouseHeadpat,1
ironmousePARTY ironmousePARTY,1
ironmouseLove ironmouseLove ironmouseLove ironmouseLove ironmouseLove ironmouseLove ironmouseLove ironmouseLove ironmouseLove ironmouseLove ironmouseLove ironmouseLove ironmouseLove ironmouseLove,1
ironmouseRAID ironmouseRAID ironmouseRAID ironmouseRAID ironmouseRAID ironmouseRAID ironmouseRAID ironmouseRAID ironmouseRAID ironmouseRAID,3
ironmouseHeadpat ironmouseHeadpat ironmouseHeadpat ironmouseHeadpat ironmouseHeadpat ironmouseHeadpat,1
ironmouseLove ironmouseLove ironmouseLove ironmouseLove,1
ironmouseLove ironmouseLove ironmouseLove ironmouseLove ironmouseLove ironmouseLove,1
Byeeeeâ™¡â™¡â™¡â™¡â™¡â™¡â™¡â™¡,6
ironmouseLove ironmouseLove ironmouseLove ironmouseLove ironmouseLove,1
ironmouseLove ironmouseLove ironmouseLove ironmouseLove ironmouseLove,1
ironmouseLove ironmouseLove ironmouseLove ironmouseLove ironmouseLove ironmouseLove ironmouseLove ironmouseLove ironmouseLove ironmouseLove ironmouseLove ironmouseLove ironmouseLove,1
ironmouseLove ironmouseLove ironmouseLove ironmouseLove,1
ironmouseHeadpat ironmouseHeadpat ironmouseHeadpat ironmouseHeadpat ironmouseHeadpat ironmouseHeadpat ironmouseHeadpat ironmouseHeadpat ironmouseHeadpat ironmouseHeadpat ironmouseHeadpat ironmouseHeadpat ironmouseHeadpat ironmouseHeadpat,1
DESKCHAN,9
<3 ironmouseLove ironmouseLove ironmouseLove ironmouseLove ironmouseLove ironmouseLove ironmouseLove ironmouseLove ironmouseLove ironmouseLove,1
Bye Mouse! Thanks for hanging out,1
dubbed Mousey,9
ironmouseRAID ironmouseRAID ironmouseRAID ironmouseRAID ironmouseRAID,3
ironmouseLove ironmouseLove ironmouseLove ironmouseLove ironmouseLove ironmouseLove,1
Bedge,6
ironmouseLove,1
Goodnight Mousey <3,1
ironmouseLove ironmouseLove ironmouseLove ironmouseLove ironmouseLove  ó €€,1
ironmouseLove ironmouseLove ironmouseLove ironmouseLove ironmouseLove ironmouseLove ironmouseLove ironmouseLove ironmouseLove ironmouseLove ironmouseLove,1
ironmouseKEK ironmouseKEK ironmouseKEK,1
"night Mousey, sleep well",3
ironmouseLetsgo ironmouseHeadpat ironmouseHeadpat ironmouseLove ironmouseRAID,1
ironmousePARTY ironmousePARTY ironmousePARTY ironmousePARTY ironmousePARTY ironmousePARTY,1
ironmouseLove ironmouseLove ironmouseLove ironmouseLove,1
ironmouseLove ironmouseLove ironmouseLove ironmouseLove ironmouseLove ironmouseLove ironmouseLove ironmouseLove ironmouseLove ironmouseLove ironmouseLove ironmouseLove ironmouseLove ironmouseLove ironmouseLove,1
Goodnight!,6
<3 <3 <3 <3,1
ironmouseHeadpat ironmouseHeadpat ironmouseHeadpat ironmouseHeadpat ironmouseHeadpat ironmouseHeadpat,1
take care,1
ironmouseLove ironmouseLove ironmouseLove ironmouseLove ironmouseLove ironmouseLove ironmouseLove ironmouseLove,1
have a good night Mousey! Luv u!,1
ironmouseLove ironmouseLove ironmouseLove ironmouseLove ironmouseLove,1
ironmouseLove ironmouseLove ironmouseLove ironmouseLove,1
ironmouseLove ironmouseLove ironmouseLove ironmouseLove ironmouseLove ironmouseLove ironmouseLove ironmouseLove ironmouseLove ironmouseLove ironmouseLove ironmouseLove ironmouseLove ironmouseLove ironmouseLove ironmouseLove,1
ironmouseLove ironmouseLove ironmouseLove ironmouseLove ironmouseLove ironmouseLove ironmouseLove ironmouseLove ironmouseLove ironmouseLove ironmouseLove,1
Bye Mousey! <3 <3 <3 ironmouseHeadpat ironmouseHeadpat ironmouseHeadpat,1
Gn Mousey!,6
ironmouseLove ironmouseLove ironmouseLove ironmouseLove,1
ironmouseLove ironmouseLove ironmouseLove,1
VirtualHug,1
ironmouseHeadpat ironmouseHeadpat ironmouseHeadpat ironmouseHeadpat ironmouseHeadpat ironmouseHeadpat ironmouseHeadpat,1
Good night Mousey ironmouseLove ironmouseLove,1
ironmouseLove ironmouseLove ironmouseLove ironmouseLove ironmouseLove ironmouseLove,1
ironmouseHeadpat ironmouseHeadpat ironmouseHeadpat ironmouseHeadpat,1
ironmouseLove ironmouseLove ironmouseLove ironmouseLove ironmouseLove ironmouseLove ironmouseLove ironmouseLove ironmouseLove ironmouseLove ironmouseLove,1
Love you too Mouse have a good sleep,1
Bye-bye!,6
ironmouseLove ironmouseLove ironmouseLove ironmouseLove ironmouseLove ironmouseLove ironmouseLove ironmouseLove ironmouseLove ironmouseLove ironmouseLove ironmouseLove ironmouseLove ironmouseLove,1
ironmouseLove ironmouseLove ironmouseLove ironmouseLove ironmouseLove ironmouseLove ironmouseLove ironmouseLove,1
byyeee,6
ironmouseLove ironmouseLove ironmouseLove ironmouseLove ironmouseLove ironmouseLove ironmouseLove ironmouseLove ironmouseLove ironmouseLove ironmouseLove ironmouseLove,1
Goodnight!,6
G'night!,6
goodnight!,6
ironmouseLove ironmouseLove ironmouseLove ironmouseLove ironmouseLove,1
ironmouseLove ironmouseLove ironmouseLove,1
ironmouseLove ironmouseLove ironmouseLove ironmouseLove,1
It was nice,1
sale buenas noches,6
bye bye,6
toodles,6
ironmouseHeadpat,1
ironmouseLove ironmouseLove ironmouseLove ironmouseLove,1
ironmouseLove ironmouseLove ironmouseLove ironmouseLove ironmouseLove,1
ironmouseSleep ironmouseSleep ironmouseSleep ironmouseSleep,6
ironmouseLove ironmouseLove ironmouseLove ironmouseLove ironmouseLove ironmouseLove,1
Henya raid,3
good night!,6
nakkiFlower,1
TE QUIRO MUCHO,1
bye,6
ironmouseHeadpat ironmouseHeadpat ironmouseHeadpat ironmouseHeadpat ironmouseHeadpat ironmouseHeadpat ironmouseHeadpat ironmouseHeadpat byeeee,1
ironmouseHeadpat ironmouseHeadpat ironmouseHeadpat ironmouseHeadpat,1
goodnighttttttt,6
ironmouseLove ironmouseLove ironmouseLove ironmouseLove ironmouseLove ironmouseLove ironmouseLove ironmouseLove ironmouseLove ironmouseLove ',1
ironmouseLove ironmouseLove ironmouseLove ironmouseLove ironmouseLove,1
ironmouseLove ironmouseLove ironmouseLove ironmouseLove,1
bye mouse,6
ironmouseLove ironmouseLove ironmouseLove ironmouseLove ironmouseLove,1
gn,6
ironmouseLove ironmouseLove ironmouseLove ironmouseLove ironmouseLove,1
Wuv you too mousey,1
AdiÃ³s ironmousePARTY ironmousePARTY ironmousePARTY,1
night,6
ironmouseJam ironmouseLove,1
Tsundere tsundere tsundere,9
Henya raid?,4
ironmouseLove ironmouseLove ironmouseLove ironmouseLove ironmouseLove ironmouseLove ironmouseLove,1
ironmouseLove ironmouseLove ironmouseLove ironmouseLove,1
ironmouseSHRUG ironmouseSHRUG ironmouseSHRUG ironmouseSHRUG ironmouseSHRUG ironmouseSHRUG ironmouseSHRUG ironmouseSHRUG ironmouseSHRUG,1
ironmouseLove ironmouseLove ironmouseLove ironmouseLove ironmouseLove,1
Byeâ¤ï¸ðŸ¥¹,1
TQM,1
ironmouseHUGGY ironmouseHUGGY ironmouseHUGGY ironmouseHUGGY ironmouseHUGGY ironmouseHUGGY ironmouseHUGGY ironmouseHUGGY ironmouseHUGGY ironmouseHUGGY ironmouseHUGGY,1
ironmouseLove ironmouseLove ironmouseLove,1
Okeee,6
ironmouseLove ironmouseLove ironmouseLove ironmouseLove ironmouseLove ironmouseLove,1
ironmousePop ironmousePop ironmousePop ironmousePop ironmousePop,1
Byyyyyeee,6
Byeee,6
Siuuu ironmousePARTY ironmousePARTY ironmousePARTY ironmousePARTY,1
ironmouseLove ironmouseLove ironmouseLove ironmouseLove ironmouseLove ironmouseLove ironmouseLove ironmousePATS ironmousePATS ironmousePATS,1
Cya!,6
byyee,6
ironmouseLove ironmouseLove ironmouseLove ironmouseLove ironmouseLove ironmouseLove ironmouseLove ironmouseLove ironmouseLove ironmouseLove ironmouseLove ironmouseLove ironmouseLove ironmouseLove ironmouseLove ironmouseLove ironmouseLove ironmouseLove ironmouseLove ironmouseLove,1
Bye mousey!,6
ironmouseHearteyes,1
ironmouseLove ironmouseLove ironmouseLove ironmouseLove ironmouseLove,1
Love for the Ironmouse always,1
eddy2tLOVE eddy2tLOVE eddy2tLOVE eddy2tLOVE eddy2tLOVE,1
byebyeee ironmouseLove,1
ironmouseWiggly,1
ironmouseHeadpat ironmouseHeadpat ironmouseHeadpat ironmouseHeadpat ironmouseHeadpat,1
bye,6
bye bye,6
good night mouse!,6
Love you too. Smite skins are awesome,1
Goodnight,6
LUBBERS,9
ironmouseHeadpat ironmouseHeadpat ironmouseHeadpat ironmouseHeadpat ironmouseHeadpat ironmouseHeadpat ironmouseHeadpat,1
gta?,4
ironmouseLove ironmouseLove ironmouseLove ironmouseLove ironmouseLove ironmouseLove ironmouseLove ironmouseLove ironmouseLove ironmouseLove ironmouseLove ironmouseLove ironmouseLove ironmouseLove,1
ironmouseLove ironmouseLove ironmouseLove ironmouseLove ironmouseLove ironmouseLove,1
buh bye,6
Thanks for the stream ironmouseLove,1
ironmouseHeadpat ironmouseHeadpat ironmouseHeadpat ironmousePARTY ironmousePARTY,1
bye bye,6
Goodnight!!!!,1
Bye,6
ironmouseLove ironmouseLove ironmouseLove ironmouseLove ironmouseLove ironmouseLove ironmouseLove ironmouseLove,1
ironmousePop ironmousePop ironmousePop ironmousePop ironmousePop ironmousePop,1
goodnight Mouse,6
thanks for the stream mousey!,1
Night Mousey,6
Goodnight! ironmouseLove ironmouseLove ironmouseLove,1
"good night, Mousey",6
GTA?,4
byeeeee,6
Thanks for the stream,1
more smite NODDERS,1
Henya raid?,4
HENYA raid?,4
smite,6
ironmouseKEK ironmouseSHRUG,1
A mimir ironmouseOwo,1
ironmouseHeadpat ironmouseHeadpat ironmouseHeadpat ironmouseHeadpat,1
ironmouseHeadpat ironmouseHeadpat ironmouseHeadpat ironmouseHeadpat ironmouseHeadpat ironmouseHeadpat ironmouseHeadpat ironmouseHeadpat ironmouseHeadpat ironmouseHeadpat ironmouseHeadpat ironmouseHeadpat ironmouseHeadpat,1
ironmouseLove ironmouseLove ironmouseLove ironmouseLove ironmouseLove ironmouseLove ironmouseLove,1
de todo lo  que jugo ironmouse me gane un codigo.... xD,1
Nighty night!! TwitchUnity TwitchUnity,1
ironmouseLove ironmouseLove ironmouseLove ironmouseLove ironmouseLove ironmouseLove ironmouseLove ironmouseLove ironmouseLove ironmouseLove ironmouseLove ironmouseLove ironmouseLove,1
ironmousePATS ironmousePATS ironmousePATS ironmousePATS,1
no prob,6
ironmouseLove ironmouseLove ironmouseLove ironmouseLove ironmouseLove,1
ironmouseHeadpat ironmouseHeadpat ironmouseHeadpat ironmouseHeadpat ironmouseHeadpat ironmouseHeadpat,1
Adios mousi ironmousePARTY ironmousePARTY,1
sleep sleep,3
lol,1
ANY IDEA WHAT TIME?,4
Ye ironmouseKEK,1
Hell yeah ironmouseLove,1
Good night,6
ironmouseLove ironmouseLove ironmouseLove ironmouseLove ironmouseLove,1
ironmouseHeadpat ironmouseHeadpat ironmouseHeadpat ironmouseHeadpat ironmouseHeadpat ironmouseHeadpat,1
buenas noches,6
kaenkoRave ironmouseHeadpat ironmouseHeadpat ironmouseHeadpat ironmouseHeadpat,1
bye bye,6
ironmousePARTY ironmousePARTY ironmousePARTY ironmousePARTY,1
ironmouseLove ironmouseLove ironmouseLove ironmouseLove ironmouseLove ironmouseLove ironmouseLove,1
Yep!,6
nyannJam nyannJam nyannJam nyannJam ironmouseMeltdown ironmouseMeltdown ironmouseMeltdown ironmouseMeltdown,9
leaving but still on...sus,2
ironmousePATS ironmousePATS ironmousePATS,1
Videos,6
ironmouseHeadpat ironmouseHeadpat ironmouseHeadpat ironmouseHeadpat,1
"Adios , hasta maÃ±ana ironmouseHeadpat ironmouseHeadpat ironmouseHeadpat",1
bye,6
u gonna raid someone?,4
bien,6
Henya raid?,4
ironmousePARTY ironmousePARTY ironmousePARTY,1
ironmouseKEK,1
que descanse doÃ±a mouse,9
gn mousey!!!,6
Cool,1
PokPikachu PokPikachu PokPikachu,1
bleedPurple bleedPurple bleedPurple,7
SilverWave SilverWag,1
yes,6
Stream YouTube?,4
Thanks for the super fun stream!,1
Froot raid?,4
GTA ironmouseWow ironmouseKEK,1
Bye bye mousey see you tomorrow bye bye,6
LETSGO,1
ironmouseHeadpat,1
squchaHeart squchaHeart squchaHeart squchaHeart squchaHeart squchaHeart,1
ironmouseLove ironmouseLove ironmouseLove ironmouseLove ironmouseLove ironmouseLove,1
Bye bye mouse,6
ironmouseNyanhug ironmouseLove ironmouseLove ironmouseLove,1
GTA GTA GTA,9
ironmouseLetsgo ironmouseLetsgo ironmouseLetsgo,1
ironmouseHeadpat ironmouseHeadpat TwitchUnity TwitchUnity,1
whatever you want!,1
wait she plays GTA,5
,0
Byebyeeeee GOODGAMES ironmouseHeadpat ironmouseHeadpat,1
Lesgaurrrrr~!,1
Or darkest dungeon,6
"Take your time, you deserve the rest!",1
Let's raid someone,3
ironmouseHeadpat ironmouseHeadpat ironmouseHeadpat ironmouseHeadpat ironmouseHeadpat ironmouseHeadpat,1
mi amore?,4
goodnighttt mouse!!!,6
With conner?,4
what time tomorrow?\,4
Bye bye,6
ironmouseJam ironmouseWow,1
ironmouseHeadpat,1
<3 <3 <3,1
mi amore? ó €€,4
ironmouseLetsgo,1
ironmousePARTY ironmousePARTY ironmousePARTY,1
ironmousePATS ironmousePATS ironmousePATS ironmousePATS ironmousePATS ironmousePATS ironmousePATS ironmousePATS ironmousePATS ironmousePATS ironmousePATS ironmousePATS,1
@ironmouse Demonologist update?,4
Yeah ironmouseLetsgo,1
ironmouseLove ironmouseLove ironmouseLove ironmouseLove ironmouseLove ironmouseLove,1
MOUN TAIN,9
sounds good,1
byebyeee,6
What time?,4
Â¡Hasta MaÃ±ana!,3
Did you enjoy smite?!,5
ironmousePARTY ironmousePARTY ironmousePARTY,1
"Get some rest mousy, love you",1
NINE MINUTES,6
raid froot or henya?,4
beuno sera,9
Sim-day~!,1
RIMWORLD!,3
Yeah ironmouseLetsgo ironmouseLetsgo ironmouseLetsgo,1
SWEET DREAMS MOUSE,1
what time tomorrow? hmmm,4
0:,5
ironmouseLetsgo ironmouseLetsgo ironmouseLetsgo ironmouseLetsgo,1
Love you Mouseyyyyyyy! Goodnight!,1
SilverMelt SilverMelt SilverMelt,1
Goodnight mouse,6
ironmouseHeadpat ironmouseHeadpat ironmouseHeadpat ironmouseHeadpat ironmouseHeadpat ironmouseHeadpat ironmouseHeadpat ironmouseHeadpat ironmouseHeadpat ironmouseHeadpat ironmouseHeadpat ironmouseHeadpat ironmouseHeadpat ironmouseHeadpat ironmouseHeadpat,1
your GTA play is so fun to watch,1
driving sim!!,1
ironmouseHeadpat ironmouseHeadpat ironmouseHeadpat,1
LETSGO HYPERCLAP,1
ironmouseLove ironmouseLove ironmouseLove ironmouseLove,1
Check out the Waifu Jam Video Here  âž™ https://www.youtube.com/watch?v=bdWGBirRpDs,0
henyatMemo,1
Bye! <3 <3 <3 Goodnight! <3 <3 <3 ironmouseHeadpat ironmouseHeadpat ironmouseHeadpat,1
See you Ironmouse,6
ironmouseLove ironmouseLove ironmouseLove ironmouseLove ironmouseLove,1
Night Night,6
Bye,6
ironmouseHeadpat ironmouseHeadpat ironmouseHeadpat ironmouseHeadpat,1
Bye mouse,6
See u then ironmouseJam ironmouseLove,1
ironmouseRAID ironmouseRAID ironmouseRAID,3
ðŸ¤¨ðŸ¤¨ðŸ¤¨,4
